.notdef	.notdef
space	space	uni0020,uni00A0
A	A
B	B
C	C
D	D
E	E
F	F
G	G
H	H
I	I
J	J
K	K
L	L
M	M
N	N
O	O
P	P
Q	Q
R	R
S	S
T	T
U	U
V	V
W	W
X	X
Y	Y
Z	Z
a	a
b	b
c	c
d	d
e	e
f	f
g	g
h	h
i	i
j	j
k	k
l	l
m	m
n	n
o	o
p	p
q	q
r	r
s	s
t	t
u	u
v	v
w	w
x	x
y	y
z	z
Agrave	Agrave
Aacute	Aacute
Acircumflex	Acircumflex
Atilde	Atilde
Adieresis	Adieresis
Amacron	Amacron
Abreve	Abreve
uni1EAE	Abreveacute
uni1EB6	Abrevedotbelow
uni1EB0	Abrevegrave
uni1EB2	Abrevehoi
uni1EB4	Abrevetilde
uni01CD	Acaron
uni1EA4	Acircumflexacute
uni1EAC	Acircumflexdotbelow
uni1EA6	Acircumflexgrave
uni1EA8	Acircumflexhoi
uni1EAA	Acircumflextilde
uni1EA0	Adotbelow
uni1EA2	Ahoi
Aring	Aring
Aogonek	Aogonek
AE	AE
Ccedilla	Ccedilla
Cacute	Cacute
Ccaron	Ccaron
Ccircumflex	Ccircumflex
Cdotaccent	Cdotaccent
Dcaron	Dcaron
Dcroat	Dcroat
uni1E0C	Ddotbelow
uni1E0E	Dlinebelow
Egrave	Egrave
Eacute	Eacute
Ecircumflex	Ecircumflex
Ecaron	Ecaron
Edieresis	Edieresis
Emacron	Emacron
Edotaccent	Edotaccent
Eogonek	Eogonek
Ebreve	Ebreve
uni1EBE	Ecircumflexacute
uni1EC6	Ecircumflexdotbelow
uni1EC0	Ecircumflexgrave
uni1EC2	Ecircumflexhoi
uni1EC4	Ecircumflextilde
uni1EB8	Edotbelow
uni1EBA	Ehoi
uni1EBC	Etilde
Gbreve	Gbreve
Gdotaccent	Gdotaccent
uni0122	Gcommaaccent
Gcaron	Gcaron
Gcircumflex	Gcircumflex
uni1E20	Gmacron
uni00470303	Gtilde
Hbar	Hbar
uni1E2A	Hbrevebelow
Hcircumflex	Hcircumflex
uni1E24	Hdotbelow
Igrave	Igrave
Iacute	Iacute
Icircumflex	Icircumflex
Idieresis	Idieresis
Imacron	Imacron
Idotaccent	Idotaccent
Iogonek	Iogonek
uni01CF	Icaron
uni1ECA	Idotbelow
uni1EC8	Ihoi
Itilde	Itilde
Jcircumflex	Jcircumflex
uni0136	Kcommaaccent
Lacute	Lacute
Lcaron	Lcaron
uni013B	Lcommaaccent
Ldot	Ldot
uni1E36	Ldotbelow
uni1E38	Ldotbelowmacron
uni1E3A	Llinebelow
Lslash	Lslash
uni1E3E	Macute
uni1E42	Mdotbelow
Nacute	Nacute
Ncaron	Ncaron
uni01F8	Ngrave
Ntilde	Ntilde
uni0145	Ncommaaccent
uni1E44	Ndotaccent
uni1E46	Ndotbelow
uni1E48	Nlinebelow
Ograve	Ograve
Oacute	Oacute
uni014E	Obreve
Ocircumflex	Ocircumflex
Otilde	Otilde
Odieresis	Odieresis
Omacron	Omacron
Ohungarumlaut	Ohungarumlaut
uni01D1	Ocaron
uni1ED0	Ocircumflexacute
uni1ED8	Ocircumflexdotbelow
uni1ED2	Ocircumflexgrave
uni1ED4	Ocircumflexhoi
uni1ED6	Ocircumflextilde
uni1ECC	Odotbelow
uni1ECE	Ohoi
Ohorn	Ohorn
uni1EDA	Ohornacute
uni1EE2	Ohorndotbelow
uni1EDC	Ohorngrave
uni1EDE	Ohornhoi
uni1EE0	Ohorntilde
Oslash	Oslash
OE	OE
Racute	Racute
Rcaron	Rcaron
uni0156	Rcommaaccent
uni1E5A	Rdotbelow
uni1E5C	Rdotbelowmacron
uni1E5E	Rlinebelow
Sacute	Sacute
Scaron	Scaron
uni015E	Scedilla
uni0218	Scommaaccent
Scircumflex	Scircumflex
uni1E60	Sdotaccent
uni1E62	Sdotbelow
uni1E9E	Germandbls
Tcaron	Tcaron
uni0162	Tcedilla
uni021A	Tcommaaccent
uni1E6C	Tdotbelow
uni1E6E	Tlinebelow
Ugrave	Ugrave
Uacute	Uacute
Ucircumflex	Ucircumflex
Udieresis	Udieresis
Umacron	Umacron
Uring	Uring
Uhungarumlaut	Uhungarumlaut
Uogonek	Uogonek
Ubreve	Ubreve
uni01D3	Ucaron
uni01D7	Udieresisacute
uni01D9	Udieresiscaron
uni01DB	Udieresisgrave
uni01D5	Udieresismacron
uni1EE4	Udotbelow
uni1EE6	Uhoi
Uhorn	Uhorn
uni1EE8	Uhornacute
uni1EF0	Uhorndotbelow
uni1EEA	Uhorngrave
uni1EEC	Uhornhoi
uni1EEE	Uhorntilde
Utilde	Utilde
Wacute	Wacute
Wcircumflex	Wcircumflex
Wdieresis	Wdieresis
Wgrave	Wgrave
Yacute	Yacute
Ydieresis	Ydieresis
Ycircumflex	Ycircumflex
uni1E8E	Ydotaccent
uni1EF4	Ydotbelow
Ygrave	Ygrave
uni1EF6	Yhoi
uni1EF8	Ytilde
Zacute	Zacute
Zcaron	Zcaron
Zdotaccent	Zdotaccent
uni1E92	Zdotbelow
Eth	Eth
Thorn	Thorn
Eng	Eng
uni018F	Schwa
agrave	agrave
aacute	aacute
acircumflex	acircumflex
atilde	atilde
adieresis	adieresis
amacron	amacron
abreve	abreve
uni1EAF	abreveacute
uni1EB7	abrevedotbelow
uni1EB1	abrevegrave
uni1EB3	abrevehoi
uni1EB5	abrevetilde
uni01CE	acaron
uni1EA5	acircumflexacute
uni1EAD	acircumflexdotbelow
uni1EA7	acircumflexgrave
uni1EA9	acircumflexhoi
uni1EAB	acircumflextilde
uni1EA1	adotbelow
uni1EA3	ahoi
aring	aring
aogonek	aogonek
ae	ae
ccedilla	ccedilla
cacute	cacute
ccaron	ccaron
ccircumflex	ccircumflex
cdotaccent	cdotaccent
dcaron	dcaron
dcroat	dcroat
uni1E0D	ddotbelow
uni1E0F	dlinebelow
egrave	egrave
eacute	eacute
ecircumflex	ecircumflex
ecaron	ecaron
edieresis	edieresis
emacron	emacron
edotaccent	edotaccent
eogonek	eogonek
ebreve	ebreve
uni1EBF	ecircumflexacute
uni1EC7	ecircumflexdotbelow
uni1EC1	ecircumflexgrave
uni1EC3	ecircumflexhoi
uni1EC5	ecircumflextilde
uni1EB9	edotbelow
uni1EBB	ehoi
uni1EBD	etilde
gbreve	gbreve
gdotaccent	gdotaccent
uni0123	gcommaaccent
gcaron	gcaron
gcircumflex	gcircumflex
uni1E21	gmacron
uni00670303	gtilde
hbar	hbar
uni1E2B	hbrevebelow
hcircumflex	hcircumflex
uni1E25	hdotbelow
igrave	igrave
iacute	iacute
icircumflex	icircumflex
idieresis	idieresis
idieresis.narrow	idieresis.narrow
imacron	imacron
iogonek	iogonek
i.trk	i.trk
uni01D0	icaron
uni1ECB	idotbelow
uni1EC9	ihoi
itilde	itilde
dotlessi	dotlessi
uni0237	dotlessj
jcircumflex	jcircumflex
uni0137	kcommaaccent
kgreenlandic	kgreenlandic
lacute	lacute
lcaron	lcaron
uni013C	lcommaaccent
ldot	ldot
uni1E37	ldotbelow
uni1E39	ldotbelowmacron
uni1E3B	llinebelow
lslash	lslash
uni1E3F	macute
uni1E43	mdotbelow
nacute	nacute
ncaron	ncaron
uni01F9	ngrave
ntilde	ntilde
uni0146	ncommaaccent
uni1E45	ndotaccent
napostrophe	napostrophe
uni1E47	ndotbelow
uni1E49	nlinebelow
ograve	ograve
oacute	oacute
uni014F	obreve
ocircumflex	ocircumflex
otilde	otilde
odieresis	odieresis
omacron	omacron
ohungarumlaut	ohungarumlaut
uni01D2	ocaron
uni1ED1	ocircumflexacute
uni1ED9	ocircumflexdotbelow
uni1ED3	ocircumflexgrave
uni1ED5	ocircumflexhoi
uni1ED7	ocircumflextilde
uni1ECD	odotbelow
uni1ECF	ohoi
ohorn	ohorn
uni1EDB	ohornacute
uni1EE3	ohorndotbelow
uni1EDD	ohorngrave
uni1EDF	ohornhoi
uni1EE1	ohorntilde
oslash	oslash
oe	oe
racute	racute
uni0157	rcommaaccent
rcaron	rcaron
uni1E5B	rdotbelow
uni1E5D	rdotbelowmacron
uni1E5F	rlinebelow
sacute	sacute
scaron	scaron
uni015F	scedilla
uni0219	scommaaccent
scircumflex	scircumflex
uni1E61	sdotaccent
uni1E63	sdotbelow
longs	longs
germandbls	germandbls
tcaron	tcaron
uni0163	tcedilla
uni021B	tcommaaccent
uni1E97	tdieresis
uni1E6D	tdotbelow
uni1E6F	tlinebelow
ugrave	ugrave
uacute	uacute
ucircumflex	ucircumflex
udieresis	udieresis
umacron	umacron
uring	uring
uhungarumlaut	uhungarumlaut
uogonek	uogonek
ubreve	ubreve
uni01D4	ucaron
uni01D8	udieresisacute
uni01DA	udieresiscaron
uni01DC	udieresisgrave
uni01D6	udieresismacron
uni1EE5	udotbelow
uni1EE7	uhoi
uhorn	uhorn
uni1EE9	uhornacute
uni1EF1	uhorndotbelow
uni1EEB	uhorngrave
uni1EED	uhornhoi
uni1EEF	uhorntilde
utilde	utilde
wacute	wacute
wcircumflex	wcircumflex
wdieresis	wdieresis
wgrave	wgrave
yacute	yacute
ydieresis	ydieresis
ycircumflex	ycircumflex
uni1E8F	ydotaccent
uni1EF5	ydotbelow
ygrave	ygrave
uni1EF7	yhoi
uni1EF9	ytilde
zacute	zacute
zcaron	zcaron
zdotaccent	zdotaccent
uni1E93	zdotbelow
eth	eth
thorn	thorn
eng	eng
uni0259	schwa
uni0251	alphalatin
uni0261	gscript
f_i	f_i	uniFB01
f_j	f_j
f_l	f_l	uniFB02
f_t	f_t
f_f	f_f	uniFB00
f_f_i	f_f_i	uniFB03
f_f_j	f_f_j
f_f_l	f_f_l	uniFB04
f_f_t	f_f_t
ampersand	ampersand
zero.slash	zero.slash
zero	zero
one	one
two	two
three	three
four	four
five	five
six	six
seven	seven
eight	eight
nine	nine
zero.lfslash	zero.lfslash
zero.lf	zero.lf
one.lf	one.lf
two.lf	two.lf
three.lf	three.lf
four.lf	four.lf
five.lf	five.lf
six.lf	six.lf
seven.lf	seven.lf
eight.lf	eight.lf
nine.lf	nine.lf
zero.tosf	zero.tosf
one.tosf	one.tosf
two.tosf	two.tosf
three.tosf	three.tosf
four.tosf	four.tosf
five.tosf	five.tosf
six.tosf	six.tosf
seven.tosf	seven.tosf
eight.tosf	eight.tosf
nine.tosf	nine.tosf
zero.osf	zero.osf
one.osf	one.osf
two.osf	two.osf
three.osf	three.osf
four.osf	four.osf
five.osf	five.osf
six.osf	six.osf
seven.osf	seven.osf
eight.osf	eight.osf
nine.osf	nine.osf
zero.cap	zero.cap
one.cap	one.cap
two.cap	two.cap
three.cap	three.cap
four.cap	four.cap
five.cap	five.cap
six.cap	six.cap
seven.cap	seven.cap
eight.cap	eight.cap
nine.cap	nine.cap
period	period
comma	comma
colon	colon
semicolon	semicolon
ellipsis	ellipsis
exclam	exclam
exclamdown	exclamdown
exclamdown.cap	exclamdown.cap
question	question
questiondown	questiondown
questiondown.cap	questiondown.cap
quotesingle	quotesingle
quotedbl	quotedbl
quoteleft	quoteleft	uni2018,uni02BB
quoteright	quoteright	uni2019,uni02BC
quotedblleft	quotedblleft
quotedblright	quotedblright
quotesinglbase	quotesinglbase
quotedblbase	quotedblbase
guilsinglleft	guilsinglleft
guilsinglright	guilsinglright
guillemotleft	guillemotleft
guillemotright	guillemotright
hyphen	hyphen	uni002D,uni00AD,uni2010,uni2011
endash	endash
emdash	emdash
figuredash	figuredash
uni2015	horizontalbar
periodcentered	periodcentered
bullet	bullet
underscore	underscore
parenleft	parenleft
parenright	parenright
bracketleft	bracketleft
bracketright	bracketright
braceleft	braceleft
braceright	braceright
guilsinglleft.cap	guilsinglleft.cap
guilsinglright.cap	guilsinglright.cap
guillemotleft.cap	guillemotleft.cap
guillemotright.cap	guillemotright.cap
hyphen.cap	hyphen.cap
endash.cap	endash.cap
emdash.cap	emdash.cap
uni2015.cap	horizontalbar.cap
parenleft.cap	parenleft.cap
parenright.cap	parenright.cap
bracketleft.cap	bracketleft.cap
bracketright.cap	bracketright.cap
braceleft.cap	braceleft.cap
braceright.cap	braceright.cap
slash	slash
bar	bar
backslash	backslash
brokenbar	brokenbar
asterisk	asterisk
dagger	dagger
daggerdbl	daggerdbl
section	section
paragraph	paragraph
copyright	copyright
uni2117	soundcopyright
registered	registered
trademark	trademark
uni2120	servicemark
at	at
at.cap	at.cap
numbersign	numbersign
zero.sups	zero.sups	uni2070
one.sups	one.sups	uni00B9
two.sups	two.sups	uni00B2
three.sups	three.sups	uni00B3
four.sups	four.sups	uni2074
five.sups	five.sups	uni2075
six.sups	six.sups	uni2076
seven.sups	seven.sups	uni2077
eight.sups	eight.sups	uni2078
nine.sups	nine.sups	uni2079
parenleft.sups	parenleft.sups	uni207D
parenright.sups	parenright.sups	uni207E
bracketleft.sups	bracketleft.sups
bracketright.sups	bracketright.sups
period.sups	period.sups
comma.sups	comma.sups
colon.sups	colon.sups
hyphen.sups	hyphen.sups
endash.sups	endash.sups
emdash.sups	emdash.sups
zero.subs	zero.subs	uni2080
one.subs	one.subs	uni2081
two.subs	two.subs	uni2082
three.subs	three.subs	uni2083
four.subs	four.subs	uni2084
five.subs	five.subs	uni2085
six.subs	six.subs	uni2086
seven.subs	seven.subs	uni2087
eight.subs	eight.subs	uni2088
nine.subs	nine.subs	uni2089
parenleft.subs	parenleft.subs	uni208D
parenright.subs	parenright.subs	uni208E
bracketleft.subs	bracketleft.subs
bracketright.subs	bracketright.subs
period.subs	period.subs
comma.subs	comma.subs
zero.dnom	zero.dnom
one.dnom	one.dnom
two.dnom	two.dnom
three.dnom	three.dnom
four.dnom	four.dnom
five.dnom	five.dnom
six.dnom	six.dnom
seven.dnom	seven.dnom
eight.dnom	eight.dnom
nine.dnom	nine.dnom
parenleft.dnom	parenleft.dnom
parenright.dnom	parenright.dnom
bracketleft.dnom	bracketleft.dnom
bracketright.dnom	bracketright.dnom
period.dnom	period.dnom
comma.dnom	comma.dnom
zero.numr	zero.numr
one.numr	one.numr
two.numr	two.numr
three.numr	three.numr
four.numr	four.numr
five.numr	five.numr
six.numr	six.numr
seven.numr	seven.numr
eight.numr	eight.numr
nine.numr	nine.numr
parenleft.numr	parenleft.numr
parenright.numr	parenright.numr
bracketleft.numr	bracketleft.numr
bracketright.numr	bracketright.numr
period.numr	period.numr
comma.numr	comma.numr
ordfeminine	ordfeminine
ordmasculine	ordmasculine
A.sups	A.sups
B.sups	B.sups
C.sups	C.sups
D.sups	D.sups
E.sups	E.sups
F.sups	F.sups
G.sups	G.sups
H.sups	H.sups
I.sups	I.sups
J.sups	J.sups
K.sups	K.sups
L.sups	L.sups
M.sups	M.sups
N.sups	N.sups
O.sups	O.sups
P.sups	P.sups
Q.sups	Q.sups
R.sups	R.sups
S.sups	S.sups
T.sups	T.sups
U.sups	U.sups
V.sups	V.sups
W.sups	W.sups
X.sups	X.sups
Y.sups	Y.sups
Z.sups	Z.sups
a.sups	a.sups	uni1D43
b.sups	b.sups	uni1D47
c.sups	c.sups	uni1D9C
d.sups	d.sups	uni1D48
e.sups	e.sups	uni1D49
f.sups	f.sups	uni1DA0
g.sups	g.sups	uni1D4D
h.sups	h.sups	uni02B0
i.sups	i.sups	uni2071
j.sups	j.sups	uni02B2
k.sups	k.sups	uni1D4F
l.sups	l.sups	uni02E1
m.sups	m.sups	uni1D50
n.sups	n.sups	uni207F
o.sups	o.sups	uni1D52
p.sups	p.sups	uni1D56
q.sups	q.sups
r.sups	r.sups	uni02B3
s.sups	s.sups	uni02E2
t.sups	t.sups	uni1D57
u.sups	u.sups	uni1D58
v.sups	v.sups	uni1D5B
w.sups	w.sups	uni02B7
x.sups	x.sups	uni02E3
y.sups	y.sups	uni02B8
z.sups	z.sups	uni1DBB
egrave.sups	egrave.sups
eacute.sups	eacute.sups
degree	degree
currency	currency
dollar	dollar
cent	cent
sterling	sterling
yen	yen
uni0192	florin
colonmonetary	colonmonetary
lira	lira
uni20A6	naira
peseta	peseta
uni20A9	won
dong	dong
Euro	Euro
uni20AE	tugrik
uni20B1	peso
uni20B2	guarani
uni20B4	hryvnia
uni20B5	cedi
uni20B9	rupeeindian
uni20BA	liraturkish
uni20B8	tenge
uni20BD	ruble
uni20BF	bitcoin
fraction	fraction	uni2044,uni2215
slash.frac	slash.frac
uni2007	figurespace
space.frac	space.frac
percent	percent
perthousand	perthousand
onequarter	onequarter
onehalf	onehalf
threequarters	threequarters
onethird	onethird
twothirds	twothirds
oneeighth	oneeighth
threeeighths	threeeighths
fiveeighths	fiveeighths
seveneighths	seveneighths
plus	plus
minus	minus
multiply	multiply
divide	divide
uni2219	bulletoperator
equal	equal
less	less
greater	greater
lessequal	lessequal
greaterequal	greaterequal
plusminus	plusminus
asciicircum	asciicircum
notequal	notequal
asciitilde	asciitilde
approxequal	approxequal
logicalnot	logicalnot
infinity	infinity
partialdiff	partialdiff
integral	integral
radical	radical
summation	summation
product	product
uni2113	litre
estimated	estimated
uni2190	arrowleft
uni2196	arrowupleft
arrowup	arrowup
uni2197	arrowupright
uni2192	arrowright
uni2198	arrowdownright
arrowdown	arrowdown
uni2199	arrowdownleft
uni25A0	squareblack
uni25C6	diamondblack
uni25C9	fisheye
uni2752	squareshadow
triagup	triangleblackup
uni25B3	trianglewhiteup
uni25B6	triangleblackright
uni25B7	trianglewhiteright
triagdn	triangleblackdown
uni25BD	trianglewhitedown
uni25C0	triangleblackleft
uni25C1	trianglewhiteleft
uni2610	checkbox
uni2611	checkedbox
uni2713	check
musicalnote	eighthnote
lozenge	lozenge
uni2032	prime
uni2033	dblprime
uni02BF	ringhalfleftmod
uni02BE	ringhalfrightmod
uni02C8	verticallinemod
uni02C9	macronmod
uni02CA	acutemod
uni02CB	gravemod
uni02CC	verticallinelowmod
grave	grave
acute	acute
circumflex	circumflex
caron	caron
tilde	tilde
dieresis	dieresis
macron	macron
breve	breve
ring	ring
hungarumlaut	hungarumlaut
dotaccent	dotaccent
cedilla	cedilla
ogonek	ogonek
uni0300	gravecmb
uni0300.cap	gravecmb.cap
uni0301	acutecmb
uni0301.cap	acutecmb.cap
uni0302	circumflexcmb
uni0302.cap	circumflexcmb.cap
uni0303	tildecmb
uni0303.cap	tildecmb.cap
uni0304	macroncmb
uni0304.cap	macroncmb.cap
uni0306	brevecmb
uni0306.cap	brevecmb.cap
uni0307	dotaccentcmb
uni0307.cap	dotaccentcmb.cap
uni0308	dieresiscmb
uni0308.cap	dieresiscmb.cap
uni030A	ringcmb
uni030A.cap	ringcmb.cap
uni030B	hungarumlautcmb
uni030B.cap	hungarumlautcmb.cap
uni030C	caroncmb
uni030C.cap	caroncmb.cap
uni0326	commabelowcmb
uni0327	cedillacmb
uni0328	ogonekcmb
uni0329	verticallinebelowcmb
uni032E	brevebelowcmb
uni0324	dieresisbelowcmb
uni0323	dotbelowcmb
uni0309	hoicmb
uni0309.cap	hoicmb.cap
uni031B	horncmb
uni0331	macronbelowcmb
uni03080301	dieresisacute
uni03080301.cap	dieresisacute.cap
uni03080300	dieresisgrave
uni03080300.cap	dieresisgrave.cap
uni03080304	dieresismacron
uni03080304.cap	dieresismacron.cap
uni0308030C	dieresiscaron
uni0308030C.cap	dieresiscaron.cap
uni03020301	circumflexacute
uni03020301.cap	circumflexacute.cap
uni03020300	circumflexgrave
uni03020300.cap	circumflexgrave.cap
uni03020309	circumflexhoi
uni03020309.cap	circumflexhoi.cap
uni03020303	circumflextilde
uni03020303.cap	circumflextilde.cap
uni03060301	breveacute
uni03060301.cap	breveacute.cap
uni03060300	brevegrave
uni03060300.cap	brevegrave.cap
uni03060309	brevehoi
uni03060309.cap	brevehoi.cap
uni03060303	brevetilde
uni03060303.cap	brevetilde.cap
Alpha	Alpha
Beta	Beta
Gamma	Gamma
Delta	Delta	uni0394,uni2206
Epsilon	Epsilon
Zeta	Zeta
Eta	Eta
Theta	Theta
Iota	Iota
Kappa	Kappa
Lambda	Lambda
Mu	Mu
Nu	Nu
Xi	Xi
Omicron	Omicron
Pi	Pi
Rho	Rho
Sigma	Sigma
Tau	Tau
Upsilon	Upsilon
Phi	Phi
Chi	Chi
Psi	Psi
Omega	Omega	uni03A9,uni2126
Alphatonos	Alphatonos
Epsilontonos	Epsilontonos
Etatonos	Etatonos
Iotatonos	Iotatonos
Iotadieresis	Iotadieresis
Omicrontonos	Omicrontonos
Upsilontonos	Upsilontonos
Upsilondieresis	Upsilondieresis
Omegatonos	Omegatonos
alpha	alpha
beta	beta
gamma	gamma
delta	delta
epsilon	epsilon
zeta	zeta
eta	eta
theta	theta
iota	iota
kappa	kappa
lambda	lambda
mu	mu	uni03BC,uni00B5
nu	nu
xi	xi
omicron	omicron
pi	pi
rho	rho
sigma	sigma
tau	tau
upsilon	upsilon
phi	phi
chi	chi
psi	psi
omega	omega
uni03C2	sigma.end
alphatonos	alphatonos
epsilontonos	epsilontonos
etatonos	etatonos
iotatonos	iotatonos
iotadieresis	iotadieresis
omicrontonos	omicrontonos
upsilontonos	upsilontonos
upsilondieresis	upsilondieresis
omegatonos	omegatonos
iotadieresistonos	iotadieresistonos
upsilondieresistonos	upsilondieresistonos
uni03D7	kai
uni03D9	koppa
uni03DB	stigma
uni03DD	digamma
uni03E1	sampi
uni037E	questiongreek
anoteleia	anoteleia
anoteleia.cap	anoteleia.cap
uni0374	numeralsign
uni0375	lownumeralsign
tonos	tonos
dieresistonos	dieresistonos
uni0301.g	tonoscmb
uni03080301.g	dieresistonoscmb
uni0410	Acyr
uni0411	Be
uni0412	Ve
uni0413	Ghe
uni0414	De
uni0415	Ie
uni0416	Zhe
uni0417	Ze
uni0418	Icyr
uni0419	Ishort
uni041A	Ka
uni041B	El
uni041C	Em
uni041D	En
uni041E	Ocyr
uni041F	Pe
uni0420	Er
uni0421	Es
uni0422	Te
uni0423	Ucyr
uni0424	Ef
uni0425	Ha
uni0426	Tse
uni0427	Che
uni0428	Sha
uni0429	Shcha
uni042A	Hard
uni042B	Yeru
uni042C	Soft
uni042D	Ecyr
uni042E	Yu
uni042F	Ya
uni0400	Iegrave
uni0401	Io
uni0402	Dje
uni0403	Gje
uni0404	Ieukran
uni0405	Dze
uni0406	Iukran
uni0407	Yi
uni0408	Je
uni0409	Lje
uni040A	Nje
uni040B	Tshe
uni040C	Kje
uni040D	Igravecyr
uni040E	Ushort
uni040F	Dzhe
uni0462	Yat
uni0472	Fita
uni0474	Izhitsa
uni0490	Gheup
uni0492	Ghestroke
uni0496	Zhedescender
uni0498	Zedescender
uni049A	Kadescender
uni04A0	Kabashkir
uni04A2	Endescender
uni04AA	Esdescender
uni04AE	Ustraight
uni04B0	Ustraightstroke
uni04B2	Hadescender
uni04B6	Chedescender
uni04BA	Shha
uni04C0	Palochka
uni04C1	Zhebreve
uni04D0	Abrevecyr
uni04D4	Aie
uni04D6	Iebreve
uni04D8	Schwacyr
uni04E2	Imacroncyr
uni04E6	Odieresiscyr
uni04E8	Obarcyr
uni04EE	Umacroncyr
uni04F2	Uacutedblcyr
uni0430	acyr
uni0431	be
uni0432	ve
uni0433	ghe
uni0434	de
uni0435	ie
uni0436	zhe
uni0437	ze
uni0438	icyr
uni0439	ishort
uni043A	ka
uni043B	el
uni043C	em
uni043D	en
uni043E	ocyr
uni043F	pe
uni0440	er
uni0441	es
uni0442	te
uni0443	ucyr
uni0444	ef
uni0445	ha
uni0446	tse
uni0447	che
uni0448	sha
uni0449	shcha
uni044A	hard
uni044B	yeru
uni044C	soft
uni044D	ecyr
uni044E	yu
uni044F	ya
uni0450	iegrave
uni0451	io
uni0452	dje
uni0453	gje
uni0454	ieukran
uni0455	dze
uni0456	iukran
uni0457	yi
uni0458	je
uni0459	lje
uni045A	nje
uni045B	tshe
uni045C	kje
uni045D	igravecyr
uni045E	ushort
uni045F	dzhe
uni0463	yat
uni0473	fita
uni0475	izhitsa
uni0491	gheup
uni0493	ghestroke
uni0497	zhedescender
uni0499	zedescender
uni049B	kadescender
uni04A1	kabashkir
uni04A3	endescender
uni04AB	esdescender
uni04AF	ustraight
uni04B1	ustraightstroke
uni04B3	hadescender
uni04B7	chedescender
uni04BB	shha
uni04C2	zhebreve
uni04CF	palochka
uni04D1	abrevecyr
uni04D5	aie
uni04D7	iebreve
uni04D9	schwacyr
uni04E3	imacroncyr
uni04E7	odieresiscyr
uni04E9	obarcyr
uni04EF	umacroncyr
uni04F3	uacutedblcyr
uni0457.narrow	yi.narrow
uni0431.srb	be.srb
uni0418.bgr	Icyr.bgr
uni0419.bgr	Ishort.bgr
uni040D.bgr	Igravecyr.bgr
uni041B.bgr	El.bgr
uni0424.bgr	Ef.bgr
uni0432.bgr	ve.bgr
uni0433.bgr	ghe.bgr
uni0434.bgr	de.bgr
uni0436.bgr	zhe.bgr
uni0437.bgr	ze.bgr
uni0438.bgr	icyr.bgr
uni0439.bgr	ishort.bgr
uni043A.bgr	ka.bgr
uni043B.bgr	el.bgr
uni043D.bgr	en.bgr
uni043F.bgr	pe.bgr
uni0442.bgr	te.bgr
uni0444.bgr	ef.bgr
uni0446.bgr	tse.bgr
uni0447.bgr	che.bgr
uni0448.bgr	sha.bgr
uni0449.bgr	shcha.bgr
uni044A.bgr	hard.bgr
uni044C.bgr	soft.bgr
uni044E.bgr	yu.bgr
uni045D.bgr	igravecyr.bgr
uni2116	numero
uni0306.cyr	brevecmb.cyr
uni0306.cyrcap	brevecmb.cyrcap
uni2E3A	twoemdash
uni2E3B	threeemdash
u1F12F	copyleft
u1F16A	commercemark
u1F16B	deposeemark
u1F16C	marcaregistrada
twodotenleader	twodotenleader
exclamdbl	exclamdbl
uni2047	questiondbl
uni2048	questionexclam
uni2049	exclamquestion
A.sc	A.sc
B.sc	B.sc
C.sc	C.sc
D.sc	D.sc
E.sc	E.sc
F.sc	F.sc
G.sc	G.sc
H.sc	H.sc
I.sc	I.sc
J.sc	J.sc
K.sc	K.sc
L.sc	L.sc
M.sc	M.sc
N.sc	N.sc
O.sc	O.sc
P.sc	P.sc
Q.sc	Q.sc
R.sc	R.sc
S.sc	S.sc
T.sc	T.sc
U.sc	U.sc
V.sc	V.sc
W.sc	W.sc
X.sc	X.sc
Y.sc	Y.sc
Z.sc	Z.sc
Agrave.sc	Agrave.sc
Aacute.sc	Aacute.sc
Acircumflex.sc	Acircumflex.sc
Atilde.sc	Atilde.sc
Adieresis.sc	Adieresis.sc
Amacron.sc	Amacron.sc
Abreve.sc	Abreve.sc
uni1EAE.sc	Abreveacute.sc
uni1EB6.sc	Abrevedotbelow.sc
uni1EB0.sc	Abrevegrave.sc
uni1EB2.sc	Abrevehoi.sc
uni1EB4.sc	Abrevetilde.sc
uni01CD.sc	Acaron.sc
uni1EA4.sc	Acircumflexacute.sc
uni1EAC.sc	Acircumflexdotbelow.sc
uni1EA6.sc	Acircumflexgrave.sc
uni1EA8.sc	Acircumflexhoi.sc
uni1EAA.sc	Acircumflextilde.sc
uni1EA0.sc	Adotbelow.sc
uni1EA2.sc	Ahoi.sc
Aring.sc	Aring.sc
Aogonek.sc	Aogonek.sc
AE.sc	AE.sc
Ccedilla.sc	Ccedilla.sc
Cacute.sc	Cacute.sc
Ccaron.sc	Ccaron.sc
Ccircumflex.sc	Ccircumflex.sc
Cdotaccent.sc	Cdotaccent.sc
Dcaron.sc	Dcaron.sc
Dcroat.sc	Dcroat.sc
uni1E0C.sc	Ddotbelow.sc
uni1E0E.sc	Dlinebelow.sc
Egrave.sc	Egrave.sc
Eacute.sc	Eacute.sc
Ecircumflex.sc	Ecircumflex.sc
Ecaron.sc	Ecaron.sc
Edieresis.sc	Edieresis.sc
Emacron.sc	Emacron.sc
Edotaccent.sc	Edotaccent.sc
Eogonek.sc	Eogonek.sc
Ebreve.sc	Ebreve.sc
uni1EBE.sc	Ecircumflexacute.sc
uni1EC6.sc	Ecircumflexdotbelow.sc
uni1EC0.sc	Ecircumflexgrave.sc
uni1EC2.sc	Ecircumflexhoi.sc
uni1EC4.sc	Ecircumflextilde.sc
uni1EB8.sc	Edotbelow.sc
uni1EBA.sc	Ehoi.sc
uni1EBC.sc	Etilde.sc
Gbreve.sc	Gbreve.sc
Gdotaccent.sc	Gdotaccent.sc
uni0122.sc	Gcommaaccent.sc
Gcaron.sc	Gcaron.sc
Gcircumflex.sc	Gcircumflex.sc
uni1E9E.sc	Germandbls.sc
uni1E20.sc	Gmacron.sc
uni00470303.sc	Gtilde.sc
Hbar.sc	Hbar.sc
uni1E2A.sc	Hbrevebelow.sc
Hcircumflex.sc	Hcircumflex.sc
uni1E24.sc	Hdotbelow.sc
Igrave.sc	Igrave.sc
Iacute.sc	Iacute.sc
Icircumflex.sc	Icircumflex.sc
Idieresis.sc	Idieresis.sc
Imacron.sc	Imacron.sc
Idotaccent.sc	Idotaccent.sc
Iogonek.sc	Iogonek.sc
uni01CF.sc	Icaron.sc
uni1ECA.sc	Idotbelow.sc
uni1EC8.sc	Ihoi.sc
Itilde.sc	Itilde.sc
Jcircumflex.sc	Jcircumflex.sc
uni0136.sc	Kcommaaccent.sc
Lacute.sc	Lacute.sc
Lcaron.sc	Lcaron.sc
uni013B.sc	Lcommaaccent.sc
Ldot.sc	Ldot.sc
uni1E36.sc	Ldotbelow.sc
uni1E38.sc	Ldotbelowmacron.sc
uni1E3A.sc	Llinebelow.sc
Lslash.sc	Lslash.sc
uni1E3E.sc	Macute.sc
uni1E42.sc	Mdotbelow.sc
Nacute.sc	Nacute.sc
uni01F8.sc	Ngrave.sc
Ncaron.sc	Ncaron.sc
Ntilde.sc	Ntilde.sc
uni0145.sc	Ncommaaccent.sc
uni1E44.sc	Ndotaccent.sc
uni1E46.sc	Ndotbelow.sc
uni1E48.sc	Nlinebelow.sc
Ograve.sc	Ograve.sc
Oacute.sc	Oacute.sc
uni014E.sc	Obreve.sc
Ocircumflex.sc	Ocircumflex.sc
Otilde.sc	Otilde.sc
Odieresis.sc	Odieresis.sc
Omacron.sc	Omacron.sc
Ohungarumlaut.sc	Ohungarumlaut.sc
uni01D1.sc	Ocaron.sc
uni1ED0.sc	Ocircumflexacute.sc
uni1ED8.sc	Ocircumflexdotbelow.sc
uni1ED2.sc	Ocircumflexgrave.sc
uni1ED4.sc	Ocircumflexhoi.sc
uni1ED6.sc	Ocircumflextilde.sc
uni1ECC.sc	Odotbelow.sc
uni1ECE.sc	Ohoi.sc
Ohorn.sc	Ohorn.sc
uni1EDA.sc	Ohornacute.sc
uni1EE2.sc	Ohorndotbelow.sc
uni1EDC.sc	Ohorngrave.sc
uni1EDE.sc	Ohornhoi.sc
uni1EE0.sc	Ohorntilde.sc
Oslash.sc	Oslash.sc
OE.sc	OE.sc
Racute.sc	Racute.sc
Rcaron.sc	Rcaron.sc
uni0156.sc	Rcommaaccent.sc
uni1E5A.sc	Rdotbelow.sc
uni1E5C.sc	Rdotbelowmacron.sc
uni1E5E.sc	Rlinebelow.sc
Sacute.sc	Sacute.sc
Scaron.sc	Scaron.sc
uni015E.sc	Scedilla.sc
uni0218.sc	Scommaaccent.sc
Scircumflex.sc	Scircumflex.sc
uni1E60.sc	Sdotaccent.sc
uni1E62.sc	Sdotbelow.sc
Tcaron.sc	Tcaron.sc
uni0162.sc	Tcedilla.sc
uni021A.sc	Tcommaaccent.sc
uni1E97.sc	tdieresis.sc
uni1E6C.sc	Tdotbelow.sc
uni1E6E.sc	Tlinebelow.sc
Ugrave.sc	Ugrave.sc
Uacute.sc	Uacute.sc
Ucircumflex.sc	Ucircumflex.sc
Udieresis.sc	Udieresis.sc
Umacron.sc	Umacron.sc
Uring.sc	Uring.sc
Uhungarumlaut.sc	Uhungarumlaut.sc
Uogonek.sc	Uogonek.sc
Ubreve.sc	Ubreve.sc
uni01D3.sc	Ucaron.sc
uni01D7.sc	Udieresisacute.sc
uni01D9.sc	Udieresiscaron.sc
uni01DB.sc	Udieresisgrave.sc
uni01D5.sc	Udieresismacron.sc
uni1EE4.sc	Udotbelow.sc
uni1EE6.sc	Uhoi.sc
Uhorn.sc	Uhorn.sc
uni1EE8.sc	Uhornacute.sc
uni1EF0.sc	Uhorndotbelow.sc
uni1EEA.sc	Uhorngrave.sc
uni1EEC.sc	Uhornhoi.sc
uni1EEE.sc	Uhorntilde.sc
Utilde.sc	Utilde.sc
Wacute.sc	Wacute.sc
Wcircumflex.sc	Wcircumflex.sc
Wdieresis.sc	Wdieresis.sc
Wgrave.sc	Wgrave.sc
Yacute.sc	Yacute.sc
Ydieresis.sc	Ydieresis.sc
Ycircumflex.sc	Ycircumflex.sc
uni1E8E.sc	Ydotaccent.sc
uni1EF4.sc	Ydotbelow.sc
Ygrave.sc	Ygrave.sc
uni1EF6.sc	Yhoi.sc
uni1EF8.sc	Ytilde.sc
Zacute.sc	Zacute.sc
Zcaron.sc	Zcaron.sc
Zdotaccent.sc	Zdotaccent.sc
uni1E92.sc	Zdotbelow.sc
Eth.sc	Eth.sc
Thorn.sc	Thorn.sc
Eng.sc	Eng.sc
uni018F.sc	Schwa.sc
Alpha.sc	Alpha.sc
Beta.sc	Beta.sc
Gamma.sc	Gamma.sc
Delta.sc	Delta.sc
Epsilon.sc	Epsilon.sc
Zeta.sc	Zeta.sc
Eta.sc	Eta.sc
Theta.sc	Theta.sc
Iota.sc	Iota.sc
Kappa.sc	Kappa.sc
Lambda.sc	Lambda.sc
Mu.sc	Mu.sc
Nu.sc	Nu.sc
Xi.sc	Xi.sc
Omicron.sc	Omicron.sc
Pi.sc	Pi.sc
Rho.sc	Rho.sc
Sigma.sc	Sigma.sc
Tau.sc	Tau.sc
Upsilon.sc	Upsilon.sc
Phi.sc	Phi.sc
Chi.sc	Chi.sc
Psi.sc	Psi.sc
Omega.sc	Omega.sc
Iotadieresis.sc	Iotadieresis.sc
Upsilondieresis.sc	Upsilondieresis.sc
germandbls.sc	germandbls.sc
f_i.sc	f_i.sc
f_l.sc	f_l.sc
ampersand.sc	ampersand.sc
zero.sc	zero.sc
one.sc	one.sc
two.sc	two.sc
three.sc	three.sc
four.sc	four.sc
five.sc	five.sc
six.sc	six.sc
seven.sc	seven.sc
eight.sc	eight.sc
nine.sc	nine.sc
exclam.sc	exclam.sc
exclamdown.sc	exclamdown.sc
question.sc	question.sc
questiondown.sc	questiondown.sc
quotesingle.sc	quotesingle.sc
quotedbl.sc	quotedbl.sc
quoteleft.sc	quoteleft.sc
quoteright.sc	quoteright.sc
quotedblleft.sc	quotedblleft.sc
quotedblright.sc	quotedblright.sc
hyphen.sc	hyphen.sc
endash.sc	endash.sc
emdash.sc	emdash.sc
parenleft.sc	parenleft.sc
parenright.sc	parenright.sc
bracketleft.sc	bracketleft.sc
bracketright.sc	bracketright.sc
braceleft.sc	braceleft.sc
braceright.sc	braceright.sc
uni0410.sc	Acyr.sc
uni0411.sc	Be.sc
uni0412.sc	Ve.sc
uni0413.sc	Ghe.sc
uni0414.sc	De.sc
uni0415.sc	Ie.sc
uni0416.sc	Zhe.sc
uni0417.sc	Ze.sc
uni0418.sc	Icyr.sc
uni0419.sc	Ishort.sc
uni041A.sc	Ka.sc
uni041B.sc	El.sc
uni041C.sc	Em.sc
uni041D.sc	En.sc
uni041E.sc	Ocyr.sc
uni041F.sc	Pe.sc
uni0420.sc	Er.sc
uni0421.sc	Es.sc
uni0422.sc	Te.sc
uni0423.sc	Ucyr.sc
uni0424.sc	Ef.sc
uni0425.sc	Ha.sc
uni0426.sc	Tse.sc
uni0427.sc	Che.sc
uni0428.sc	Sha.sc
uni0429.sc	Shcha.sc
uni042A.sc	Hard.sc
uni042B.sc	Yeru.sc
uni042C.sc	Soft.sc
uni042D.sc	Ecyr.sc
uni042E.sc	Yu.sc
uni042F.sc	Ya.sc
uni0400.sc	Iegrave.sc
uni0401.sc	Io.sc
uni0402.sc	Dje.sc
uni0403.sc	Gje.sc
uni0404.sc	Ieukran.sc
uni0405.sc	Dze.sc
uni0406.sc	Iukran.sc
uni0407.sc	Yi.sc
uni0408.sc	Je.sc
uni0409.sc	Lje.sc
uni040A.sc	Nje.sc
uni040B.sc	Tshe.sc
uni040C.sc	Kje.sc
uni040D.sc	Igravecyr.sc
uni040E.sc	Ushort.sc
uni040F.sc	Dzhe.sc
uni0462.sc	Yat.sc
uni0472.sc	Fita.sc
uni0474.sc	Izhitsa.sc
uni0490.sc	Gheup.sc
uni0492.sc	Ghestroke.sc
uni0496.sc	Zhedescender.sc
uni0498.sc	Zedescender.sc
uni049A.sc	Kadescender.sc
uni04A0.sc	Kabashkir.sc
uni04A2.sc	Endescender.sc
uni04AA.sc	Esdescender.sc
uni04AE.sc	Ustraight.sc
uni04B0.sc	Ustraightstroke.sc
uni04B2.sc	Hadescender.sc
uni04B6.sc	Chedescender.sc
uni04BA.sc	Shha.sc
uni04C0.sc	Palochka.sc
uni04C1.sc	Zhebreve.sc
uni04D0.sc	Abrevecyr.sc
uni04D4.sc	Aie.sc
uni04D6.sc	Iebreve.sc
uni04D8.sc	Schwacyr.sc
uni04E2.sc	Imacroncyr.sc
uni04E6.sc	Odieresiscyr.sc
uni04E8.sc	Obarcyr.sc
uni04EE.sc	Umacroncyr.sc
uni04F2.sc	Uacutedblcyr.sc
uni0418.scbgr	Icyr.scbgr
uni0419.scbgr	Ishort.scbgr
uni040D.scbgr	Igravecyr.scbgr
uni041B.scbgr	El.scbgr
uni0424.scbgr	Ef.scbgr
uni2002	enspace
uni2003	emspace
uni2004	threeperemspace
uni2005	fourperemspace
uni2006	sixperemspace
thinspace	thinspace	uni2009,uni202F
uni200A	hairspace
uni200B	zerowidthspace
